sep=,
filename,category,true_count,true_noncoin_round
WhatsApp Image 2026-09-01 at 12.48.25 (1).jpeg,clean,14,0
WhatsApp Image 2026-09-01 at 12.48.26.jpeg,clean,9,0
WhatsApp Image 2026-09-01 at 12.48.26 (1).jpeg,clean,7,0
WhatsApp Image 2026-09-01 at 12.48.26 (2).jpeg,clean,14,0
WhatsApp Image 2026-09-01 at 12.48.26 (3).jpeg,clean,14,0
WhatsApp Image 2026-09-01 at 12.48.26 (4).jpeg,clean,14,0
WhatsApp Image 2026-09-01 at 12.48.26 (5).jpeg,clean,14,0
WhatsApp Image 2026-09-01 at 12.48.26 (7).jpeg,clean,12,0
WhatsApp Image 2026-09-01 at 12.48.26 (10).jpeg,noisy,13,0
WhatsApp Image 2026-09-01 at 12.48.26 (11).jpeg,noisy,13,0
WhatsApp Image 2026-09-01 at 12.48.26 (12).jpeg,noisy,13,0
WhatsApp Image 2026-09-01 at 12.48.26 (13).jpeg,noisy,12,0
WhatsApp Image 2026-09-01 at 12.48.26 (14).jpeg,noisy,12,0
WhatsApp Image 2026-09-01 at 12.48.26 (15).jpeg,noisy,12,0
WhatsApp Image 2026-09-01 at 12.48.26 (16).jpeg,noisy,12,0
WhatsApp Image 2026-09-01 at 12.48.26 (17).jpeg,noisy,12,0
WhatsApp Image 2026-09-01 at 12.48.26 (8).jpeg,noisy,14,0
WhatsApp Image 2026-09-01 at 12.48.26 (9).jpeg,noisy,14,0
WhatsApp Image 2026-09-01 at 12.48.25.jpeg,damaged,14,0
WhatsApp Image 2026-09-01 at 12.48.26 (18).jpeg,damaged,14,4
WhatsApp Image 2026-09-01 at 12.48.26 (19).jpeg,damaged,9,4
WhatsApp Image 2026-09-01 at 12.48.26 (20).jpeg,damaged,13,4
WhatsApp Image 2026-09-01 at 12.48.26 (21).jpeg,damaged,14,0
WhatsApp Image 2026-09-01 at 12.48.26 (22).jpeg,damaged,14,0
WhatsApp Image 2026-09-01 at 12.48.26 (23).jpeg,damaged,14,0
WhatsApp Image 2026-09-01 at 12.48.26 (6).jpeg,damaged,11,0
